1.0,1.0,1,2
1.0,1.0,1,3
1.6666666666666667,1.6666666666666667,2,4
1.75,1.75,2,5
2.2,2.2,3,6
1.8333333333333333,1.8333333333333333,3,6
2.0,2.0,3,7
1.75,1.75,3,7
1.8888888888888888,1.8888888888888888,3,8
1.7,1.7,3,8
1.8181818181818181,1.8181818181818181,3,9
1.6666666666666667,1.6666666666666667,3,9
1.9230769230769231,1.9230769230769231,4,10
1.7857142857142858,1.7857142857142858,4,10
1.9333333333333333,1.9333333333333333,4,11
1.8125,1.8125,4,11
1.9411764705882353,1.9411764705882353,4,12
1.8333333333333333,1.8333333333333333,4,12
1.9473684210526316,1.9473684210526316,4,13
1.85,1.85,4,13
1.9523809523809523,1.9523809523809523,4,14
1.8636363636363635,1.8636363636363635,4,14
1.7826086956521738,1.7826086956521738,4,14
1.875,1.875,4,15
1.8,1.8,4,15
1.7307692307692308,1.7307692307692308,4,15
1.8148148148148149,1.8148148148148149,4,16
1.75,1.75,4,16
1.6896551724137931,1.6896551724137931,4,16
1.7666666666666666,1.7666666666666666,4,17
1.7096774193548387,1.7096774193548387,4,17
1.65625,1.65625,4,17
1.7878787878787878,1.7878787878787878,5,18
1.7352941176470589,1.7352941176470589,5,18
1.6857142857142857,1.6857142857142857,5,18
1.7777777777777777,1.7777777777777777,5,19
1.7297297297297298,1.7297297297297298,5,19
1.6842105263157894,1.6842105263157894,5,19
1.7692307692307692,1.7692307692307692,5,20
1.725,1.725,5,20
1.6829268292682926,1.6829268292682926,5,20
1.7619047619047619,1.7619047619047619,5,21
1.7209302325581395,1.7209302325581395,5,21
1.6818181818181819,1.6818181818181819,5,21
1.7555555555555555,1.7555555555555555,5,22
1.7173913043478262,1.7173913043478262,5,22
1.6808510638297873,1.6808510638297873,5,22
1.75,1.75,5,23
1.7142857142857142,1.7142857142857142,5,23
1.68,1.68,5,23
1.7450980392156863,1.7450980392156863,5,24
1.7115384615384615,1.7115384615384615,5,24
1.679245283018868,1.679245283018868,5,24
1.7407407407407407,1.7407407407407407,5,25
1.709090909090909,1.709090909090909,5,25
1.6785714285714286,1.6785714285714286,5,25
1.736842105263158,1.736842105263158,5,26
1.706896551724138,1.706896551724138,5,26
1.6779661016949152,1.6779661016949152,5,26
1.7333333333333334,1.7333333333333334,5,27
1.7049180327868851,1.7049180327868851,5,27
1.6774193548387097,1.6774193548387097,5,27
1.7301587301587302,1.7301587301587302,5,28
1.703125,1.703125,5,28
1.676923076923077,1.676923076923077,5,28
1.7272727272727273,1.7272727272727273,5,29
1.7014925373134329,1.7014925373134329,5,29
1.6764705882352942,1.6764705882352942,5,29
1.7246376811594204,1.7246376811594204,5,30
1.7,1.7,5,30
1.676056338028169,1.676056338028169,5,30
1.6527777777777777,1.6527777777777777,5,30
1.6986301369863013,1.6986301369863013,5,31
1.6756756756756757,1.6756756756756757,5,31
1.6533333333333333,1.6533333333333333,5,31
1.631578947368421,1.631578947368421,5,31
1.6753246753246753,1.6753246753246753,5,32
1.6538461538461537,1.6538461538461537,5,32
1.6329113924050633,1.6329113924050633,5,32
1.6125,1.6125,5,32
1.654320987654321,1.654320987654321,5,33
1.6341463414634145,1.6341463414634145,5,33
1.6144578313253013,1.6144578313253013,5,33
1.5952380952380953,1.5952380952380953,5,33
1.6588235294117648,1.6588235294117648,6,34
1.6395348837209303,1.6395348837209303,6,34
1.6206896551724137,1.6206896551724137,6,34
1.6022727272727273,1.6022727272727273,6,34
1.651685393258427,1.651685393258427,6,35
1.6333333333333333,1.6333333333333333,6,35
1.6153846153846154,1.6153846153846154,6,35
1.5978260869565217,1.5978260869565217,6,35
1.6451612903225807,1.6451612903225807,6,36
1.627659574468085,1.627659574468085,6,36
1.6105263157894736,1.6105263157894736,6,36
1.59375,1.59375,6,36
1.6391752577319587,1.6391752577319587,6,37
1.6224489795918366,1.6224489795918366,6,37
1.606060606060606,1.606060606060606,6,37
1.59,1.59,6,37
1.6336633663366336,1.6336633663366336,6,38
1.6176470588235294,1.6176470588235294,6,38
1.6019417475728155,1.6019417475728155,6,38
1.5865384615384615,1.5865384615384615,6,38
1.6285714285714286,1.6285714285714286,6,39
1.6132075471698113,1.6132075471698113,6,39
1.5981308411214954,1.5981308411214954,6,39
1.5833333333333333,1.5833333333333333,6,39
1.6238532110091743,1.6238532110091743,6,40
1.6090909090909091,1.6090909090909091,6,40
1.5945945945945945,1.5945945945945945,6,40
1.5803571428571428,1.5803571428571428,6,40
1.6194690265486726,1.6194690265486726,6,41
1.605263157894737,1.605263157894737,6,41
1.5913043478260869,1.5913043478260869,6,41
1.5775862068965518,1.5775862068965518,6,41
1.6153846153846154,1.6153846153846154,6,42
1.6016949152542372,1.6016949152542372,6,42
1.588235294117647,1.588235294117647,6,42
1.575,1.575,6,42
1.6115702479338843,1.6115702479338843,6,43
1.598360655737705,1.598360655737705,6,43
1.5853658536585367,1.5853658536585367,6,43
1.5725806451612903,1.5725806451612903,6,43
1.608,1.608,6,44
1.5952380952380953,1.5952380952380953,6,44
1.5826771653543308,1.5826771653543308,6,44
1.5703125,1.5703125,6,44
1.6046511627906976,1.6046511627906976,6,45
1.5923076923076922,1.5923076923076922,6,45
1.5801526717557253,1.5801526717557253,6,45
1.5681818181818181,1.5681818181818181,6,45
1.6015037593984962,1.6015037593984962,6,46
1.5895522388059702,1.5895522388059702,6,46
1.5777777777777777,1.5777777777777777,6,46
1.5661764705882353,1.5661764705882353,6,46
1.5985401459854014,1.5985401459854014,6,47
1.5869565217391304,1.5869565217391304,6,47
1.5755395683453237,1.5755395683453237,6,47
1.5642857142857143,1.5642857142857143,6,47
1.5957446808510638,1.5957446808510638,6,48
1.5845070422535212,1.5845070422535212,6,48
1.5734265734265733,1.5734265734265733,6,48
1.5625,1.5625,6,48
1.5931034482758621,1.5931034482758621,6,49
1.582191780821918,1.582191780821918,6,49
1.5714285714285714,1.5714285714285714,6,49
1.5608108108108107,1.5608108108108107,6,49
1.5906040268456376,1.5906040268456376,6,50
1.58,1.58,6,50
1.5695364238410596,1.5695364238410596,6,50
1.5592105263157894,1.5592105263157894,6,50
1.588235294117647,1.588235294117647,6,51
1.577922077922078,1.577922077922078,6,51
1.5677419354838709,1.5677419354838709,6,51
1.5576923076923077,1.5576923076923077,6,51
1.585987261146497,1.585987261146497,6,52
1.5759493670886076,1.5759493670886076,6,52
1.5660377358490567,1.5660377358490567,6,52
1.55625,1.55625,6,52
1.5838509316770186,1.5838509316770186,6,53
1.5740740740740742,1.5740740740740742,6,53
1.5644171779141105,1.5644171779141105,6,53
1.5548780487804879,1.5548780487804879,6,53
1.5818181818181818,1.5818181818181818,6,54
1.572289156626506,1.572289156626506,6,54
1.562874251497006,1.562874251497006,6,54
1.5535714285714286,1.5535714285714286,6,54
1.5798816568047338,1.5798816568047338,6,55
1.5705882352941176,1.5705882352941176,6,55
1.5614035087719298,1.5614035087719298,6,55
1.552325581395349,1.552325581395349,6,55
1.5780346820809248,1.5780346820809248,6,56
1.5689655172413792,1.5689655172413792,6,56
1.56,1.56,6,56
1.5511363636363635,1.5511363636363635,6,56
1.576271186440678,1.576271186440678,6,57
1.5674157303370786,1.5674157303370786,6,57
1.558659217877095,1.558659217877095,6,57
1.55,1.55,6,57
1.574585635359116,1.574585635359116,6,58
1.565934065934066,1.565934065934066,6,58
1.5573770491803278,1.5573770491803278,6,58
1.548913043478261,1.548913043478261,6,58
1.572972972972973,1.572972972972973,6,59
1.564516129032258,1.564516129032258,6,59
1.5561497326203209,1.5561497326203209,6,59
1.547872340425532,1.547872340425532,6,59
1.5714285714285714,1.5714285714285714,6,60
1.563157894736842,1.563157894736842,6,60
1.5549738219895288,1.5549738219895288,6,60
1.546875,1.546875,6,60
1.5699481865284974,1.5699481865284974,6,61
1.5618556701030928,1.5618556701030928,6,61
1.5538461538461539,1.5538461538461539,6,61
1.5459183673469388,1.5459183673469388,6,61
1.5685279187817258,1.5685279187817258,6,62
1.5606060606060606,1.5606060606060606,6,62
1.5527638190954773,1.5527638190954773,6,62
1.545,1.545,6,62
1.537313432835821,1.537313432835821,6,62
1.5594059405940595,1.5594059405940595,6,63
1.5517241379310345,1.5517241379310345,6,63
1.5441176470588236,1.5441176470588236,6,63
1.5365853658536586,1.5365853658536586,6,63
1.529126213592233,1.529126213592233,6,63
1.5507246376811594,1.5507246376811594,6,64
1.5432692307692308,1.5432692307692308,6,64
1.5358851674641147,1.5358851674641147,6,64
1.5285714285714285,1.5285714285714285,6,64
1.5213270142180095,1.5213270142180095,6,64
1.5424528301886793,1.5424528301886793,6,65
1.5352112676056338,1.5352112676056338,6,65
1.52803738317757,1.52803738317757,6,65
1.5209302325581395,1.5209302325581395,6,65
1.5138888888888888,1.5138888888888888,6,65
1.543778801843318,1.543778801843318,7,66
1.536697247706422,1.536697247706422,7,66
1.5296803652968036,1.5296803652968036,7,66
1.5227272727272727,1.5227272727272727,7,66
1.5158371040723981,1.5158371040723981,7,66
1.5405405405405406,1.5405405405405406,7,67
1.5336322869955157,1.5336322869955157,7,67
1.5267857142857142,1.5267857142857142,7,67
1.52,1.52,7,67
1.5132743362831858,1.5132743362831858,7,67
1.5374449339207048,1.5374449339207048,7,68
1.530701754385965,1.530701754385965,7,68
1.5240174672489082,1.5240174672489082,7,68
1.517391304347826,1.517391304347826,7,68
1.5108225108225108,1.5108225108225108,7,68
1.5344827586206897,1.5344827586206897,7,69
1.5278969957081545,1.5278969957081545,7,69
1.5213675213675213,1.5213675213675213,7,69
1.5148936170212766,1.5148936170212766,7,69
1.5084745762711864,1.5084745762711864,7,69
1.5316455696202531,1.5316455696202531,7,70
1.5252100840336134,1.5252100840336134,7,70
1.5188284518828452,1.5188284518828452,7,70
1.5125,1.5125,7,70
1.5062240663900415,1.5062240663900415,7,70
1.5289256198347108,1.5289256198347108,7,71
1.522633744855967,1.522633744855967,7,71
1.5163934426229508,1.5163934426229508,7,71
1.510204081632653,1.510204081632653,7,71
1.5040650406504066,1.5040650406504066,7,71
1.5263157894736843,1.5263157894736843,7,72
1.5201612903225807,1.5201612903225807,7,72
1.5140562248995983,1.5140562248995983,7,72
1.508,1.508,7,72
1.50199203187251,1.50199203187251,7,72
1.5238095238095237,1.5238095238095237,7,73
1.517786561264822,1.517786561264822,7,73
1.5118110236220472,1.5118110236220472,7,73
1.5058823529411764,1.5058823529411764,7,73
1.5,1.5,7,73
1.5214007782101167,1.5214007782101167,7,74
1.5155038759689923,1.5155038759689923,7,74
1.5096525096525097,1.5096525096525097,7,74
1.5038461538461538,1.5038461538461538,7,74
1.4980842911877394,1.4980842911877394,7,74
1.5190839694656488,1.5190839694656488,7,75
1.5133079847908746,1.5133079847908746,7,75
1.5075757575757576,1.5075757575757576,7,75
1.5018867924528303,1.5018867924528303,7,75
1.4962406015037595,1.4962406015037595,7,75
1.5168539325842696,1.5168539325842696,7,76
1.5111940298507462,1.5111940298507462,7,76
1.5055762081784387,1.5055762081784387,7,76
1.5,1.5,7,76
1.4944649446494465,1.4944649446494465,7,76
1.5147058823529411,1.5147058823529411,7,77
1.5091575091575091,1.5091575091575091,7,77
1.5036496350364963,1.5036496350364963,7,77
1.4981818181818183,1.4981818181818183,7,77
1.4927536231884058,1.4927536231884058,7,77
1.5126353790613718,1.5126353790613718,7,78
1.5071942446043165,1.5071942446043165,7,78
1.5017921146953406,1.5017921146953406,7,78
1.4964285714285714,1.4964285714285714,7,78
1.491103202846975,1.491103202846975,7,78
1.5106382978723405,1.5106382978723405,7,79
1.5053003533568905,1.5053003533568905,7,79
1.5,1.5,7,79
1.4947368421052631,1.4947368421052631,7,79
1.4895104895104896,1.4895104895104896,7,79
1.5087108013937283,1.5087108013937283,7,80
1.5034722222222223,1.5034722222222223,7,80
1.4982698961937717,1.4982698961937717,7,80
1.493103448275862,1.493103448275862,7,80
1.4879725085910653,1.4879725085910653,7,80
1.5068493150684932,1.5068493150684932,7,81
1.5017064846416381,1.5017064846416381,7,81
1.4965986394557824,1.4965986394557824,7,81
1.4915254237288136,1.4915254237288136,7,81
1.4864864864864864,1.4864864864864864,7,81
1.505050505050505,1.505050505050505,7,82
1.5,1.5,7,82
1.4949832775919731,1.4949832775919731,7,82
1.49,1.49,7,82
1.4850498338870433,1.4850498338870433,7,82
1.5033112582781456,1.5033112582781456,7,83
1.4983498349834983,1.4983498349834983,7,83
1.493421052631579,1.493421052631579,7,83
1.4885245901639343,1.4885245901639343,7,83
1.4836601307189543,1.4836601307189543,7,83
1.501628664495114,1.501628664495114,7,84
1.4967532467532467,1.4967532467532467,7,84
1.4919093851132685,1.4919093851132685,7,84
1.4870967741935484,1.4870967741935484,7,84
1.482315112540193,1.482315112540193,7,84
1.5,1.5,7,85
1.4952076677316295,1.4952076677316295,7,85
1.4904458598726114,1.4904458598726114,7,85
1.4857142857142858,1.4857142857142858,7,85
1.481012658227848,1.481012658227848,7,85
1.498422712933754,1.498422712933754,7,86
1.4937106918238994,1.4937106918238994,7,86
1.4890282131661443,1.4890282131661443,7,86
1.484375,1.484375,7,86
1.4797507788161994,1.4797507788161994,7,86
1.4968944099378882,1.4968944099378882,7,87
1.4922600619195046,1.4922600619195046,7,87
1.4876543209876543,1.4876543209876543,7,87
1.4830769230769232,1.4830769230769232,7,87
1.478527607361963,1.478527607361963,7,87
1.4954128440366972,1.4954128440366972,7,88
1.4908536585365855,1.4908536585365855,7,88
1.486322188449848,1.486322188449848,7,88
1.481818181818182,1.481818181818182,7,88
1.4773413897280967,1.4773413897280967,7,88
1.4939759036144578,1.4939759036144578,7,89
1.4894894894894894,1.4894894894894894,7,89
1.4850299401197604,1.4850299401197604,7,89
1.480597014925373,1.480597014925373,7,89
1.4761904761904763,1.4761904761904763,7,89
1.4925816023738872,1.4925816023738872,7,90
1.4881656804733727,1.4881656804733727,7,90
1.4837758112094395,1.4837758112094395,7,90
1.4794117647058824,1.4794117647058824,7,90
1.4750733137829912,1.4750733137829912,7,90
1.4912280701754386,1.4912280701754386,7,91
1.4868804664723032,1.4868804664723032,7,91
1.4825581395348837,1.4825581395348837,7,91
1.4782608695652173,1.4782608695652173,7,91
1.4739884393063585,1.4739884393063585,7,91
1.4899135446685878,1.4899135446685878,7,92
1.485632183908046,1.485632183908046,7,92
1.481375358166189,1.481375358166189,7,92
1.477142857142857,1.477142857142857,7,92
1.4729344729344729,1.4729344729344729,7,92
1.4886363636363635,1.4886363636363635,7,93
1.4844192634560907,1.4844192634560907,7,93
1.4802259887005649,1.4802259887005649,7,93
1.476056338028169,1.476056338028169,7,93
1.4719101123595506,1.4719101123595506,7,93
1.4873949579831933,1.4873949579831933,7,94
1.4832402234636872,1.4832402234636872,7,94
1.4791086350974931,1.4791086350974931,7,94
1.475,1.475,7,94
1.4709141274238227,1.4709141274238227,7,94
1.4861878453038675,1.4861878453038675,7,95
1.4820936639118458,1.4820936639118458,7,95
1.478021978021978,1.478021978021978,7,95
1.473972602739726,1.473972602739726,7,95
1.469945355191257,1.469945355191257,7,95
1.4850136239782017,1.4850136239782017,7,96
1.4809782608695652,1.4809782608695652,7,96
1.4769647696476964,1.4769647696476964,7,96
1.472972972972973,1.472972972972973,7,96
1.4690026954177897,1.4690026954177897,7,96
1.4838709677419355,1.4838709677419355,7,97
1.479892761394102,1.479892761394102,7,97
1.4759358288770053,1.4759358288770053,7,97
1.472,1.472,7,97
1.4680851063829787,1.4680851063829787,7,97
1.4827586206896552,1.4827586206896552,7,98
1.4788359788359788,1.4788359788359788,7,98
1.474934036939314,1.474934036939314,7,98
1.4710526315789474,1.4710526315789474,7,98
1.4671916010498687,1.4671916010498687,7,98
1.4816753926701571,1.4816753926701571,7,99
1.4778067885117494,1.4778067885117494,7,99
1.4739583333333333,1.4739583333333333,7,99
1.4701298701298702,1.4701298701298702,7,99
1.4663212435233162,1.4663212435233162,7,99
1.4806201550387597,1.4806201550387597,7,100
1.4768041237113403,1.4768041237113403,7,100
1.4730077120822622,1.4730077120822622,7,100
1.4692307692307693,1.4692307692307693,7,100
1.4654731457800512,1.4654731457800512,7,100
1.4795918367346939,1.4795918367346939,7,101
1.4758269720101782,1.4758269720101782,7,101
1.4720812182741116,1.4720812182741116,7,101
1.4683544303797469,1.4683544303797469,7,101
1.4646464646464648,1.4646464646464648,7,101
1.478589420654912,1.478589420654912,7,102
1.4748743718592965,1.4748743718592965,7,102
1.4711779448621554,1.4711779448621554,7,102
1.4675,1.4675,7,102
1.4638403990024937,1.4638403990024937,7,102
1.4776119402985075,1.4776119402985075,7,103
1.4739454094292803,1.4739454094292803,7,103
1.4702970297029703,1.4702970297029703,7,103
1.4666666666666666,1.4666666666666666,7,103
1.4630541871921183,1.4630541871921183,7,103
1.4766584766584767,1.4766584766584767,7,104
1.4730392156862746,1.4730392156862746,7,104
1.4694376528117359,1.4694376528117359,7,104
1.4658536585365853,1.4658536585365853,7,104
1.4622871046228711,1.4622871046228711,7,104
1.4757281553398058,1.4757281553398058,7,105
1.4721549636803875,1.4721549636803875,7,105
1.4685990338164252,1.4685990338164252,7,105
1.4650602409638553,1.4650602409638553,7,105
1.4615384615384615,1.4615384615384615,7,105
1.474820143884892,1.474820143884892,7,106
1.4712918660287082,1.4712918660287082,7,106
1.467780429594272,1.467780429594272,7,106
1.4642857142857142,1.4642857142857142,7,106
1.4608076009501187,1.4608076009501187,7,106
1.4739336492890995,1.4739336492890995,7,107
1.470449172576832,1.470449172576832,7,107
1.4669811320754718,1.4669811320754718,7,107
1.463529411764706,1.463529411764706,7,107
1.460093896713615,1.460093896713615,7,107
1.4730679156908666,1.4730679156908666,7,108
1.469626168224299,1.469626168224299,7,108
1.4662004662004662,1.4662004662004662,7,108
1.4627906976744185,1.4627906976744185,7,108
1.4593967517401392,1.4593967517401392,7,108
1.4722222222222223,1.4722222222222223,7,109
1.4688221709006928,1.4688221709006928,7,109
1.4654377880184333,1.4654377880184333,7,109
1.4620689655172414,1.4620689655172414,7,109
1.4587155963302751,1.4587155963302751,7,109
1.471395881006865,1.471395881006865,7,110
1.4680365296803652,1.4680365296803652,7,110
1.4646924829157175,1.4646924829157175,7,110
1.4613636363636364,1.4613636363636364,7,110
1.4580498866213152,1.4580498866213152,7,110
1.4705882352941178,1.4705882352941178,7,111
1.4672686230248306,1.4672686230248306,7,111
1.4639639639639639,1.4639639639639639,7,111
1.4606741573033708,1.4606741573033708,7,111
1.4573991031390134,1.4573991031390134,7,111
1.4697986577181208,1.4697986577181208,7,112
1.4665178571428572,1.4665178571428572,7,112
1.4632516703786191,1.4632516703786191,7,112
1.46,1.46,7,112
1.4567627494456763,1.4567627494456763,7,112
1.4690265486725664,1.4690265486725664,7,113
1.465783664459161,1.465783664459161,7,113
1.4625550660792952,1.4625550660792952,7,113
1.4593406593406593,1.4593406593406593,7,113
1.456140350877193,1.456140350877193,7,113
1.4682713347921226,1.4682713347921226,7,114
1.465065502183406,1.465065502183406,7,114
1.4618736383442266,1.4618736383442266,7,114
1.458695652173913,1.458695652173913,7,114
1.4555314533622559,1.4555314533622559,7,114
1.4675324675324675,1.4675324675324675,7,115
1.4643628509719222,1.4643628509719222,7,115
1.4612068965517242,1.4612068965517242,7,115
1.4580645161290322,1.4580645161290322,7,115
1.4549356223175967,1.4549356223175967,7,115
1.4668094218415417,1.4668094218415417,7,116
1.4636752136752136,1.4636752136752136,7,116
1.4605543710021323,1.4605543710021323,7,116
1.4574468085106382,1.4574468085106382,7,116
1.454352441613588,1.454352441613588,7,116
1.4661016949152543,1.4661016949152543,7,117
1.4630021141649048,1.4630021141649048,7,117
1.459915611814346,1.459915611814346,7,117
1.456842105263158,1.456842105263158,7,117
1.453781512605042,1.453781512605042,7,117
1.4654088050314464,1.4654088050314464,7,118
1.4623430962343096,1.4623430962343096,7,118
1.4592901878914406,1.4592901878914406,7,118
1.45625,1.45625,7,118
1.4532224532224531,1.4532224532224531,7,118
1.4647302904564314,1.4647302904564314,7,119
1.4616977225672878,1.4616977225672878,7,119
1.4586776859504131,1.4586776859504131,7,119
1.4556701030927834,1.4556701030927834,7,119
1.4526748971193415,1.4526748971193415,7,119
1.4640657084188913,1.4640657084188913,7,120
1.4610655737704918,1.4610655737704918,7,120
1.4580777096114519,1.4580777096114519,7,120
1.4551020408163264,1.4551020408163264,7,120
1.4521384928716905,1.4521384928716905,7,120
1.4634146341463414,1.4634146341463414,7,121
1.460446247464503,1.460446247464503,7,121
1.45748987854251,1.45748987854251,7,121
1.4545454545454546,1.4545454545454546,7,121
1.4516129032258065,1.4516129032258065,7,121
1.4627766599597585,1.4627766599597585,7,122
1.4598393574297188,1.4598393574297188,7,122
1.4569138276553106,1.4569138276553106,7,122
1.454,1.454,7,122
1.4510978043912175,1.4510978043912175,7,122
1.4621513944223108,1.4621513944223108,7,123
1.459244532803181,1.459244532803181,7,123
1.4563492063492063,1.4563492063492063,7,123
1.4534653465346534,1.4534653465346534,7,123
1.4505928853754941,1.4505928853754941,7,123
1.4615384615384615,1.4615384615384615,7,124
1.4586614173228347,1.4586614173228347,7,124
1.455795677799607,1.455795677799607,7,124
1.4529411764705882,1.4529411764705882,7,124
1.4500978473581214,1.4500978473581214,7,124
1.4609375,1.4609375,7,125
1.4580896686159843,1.4580896686159843,7,125
1.4552529182879377,1.4552529182879377,7,125
1.4524271844660195,1.4524271844660195,7,125
1.449612403100775,1.449612403100775,7,125
1.460348162475822,1.460348162475822,7,126
1.4575289575289576,1.4575289575289576,7,126
1.4547206165703275,1.4547206165703275,7,126
1.4519230769230769,1.4519230769230769,7,126
1.4491362763915547,1.4491362763915547,7,126
1.446360153256705,1.446360153256705,7,126
1.4569789674952198,1.4569789674952198,7,127
1.4541984732824427,1.4541984732824427,7,127
1.4514285714285715,1.4514285714285715,7,127
1.4486692015209126,1.4486692015209126,7,127
1.445920303605313,1.445920303605313,7,127
1.4431818181818181,1.4431818181818181,7,127
1.4536862003780717,1.4536862003780717,7,128
1.450943396226415,1.450943396226415,7,128
1.448210922787194,1.448210922787194,7,128
1.4454887218045114,1.4454887218045114,7,128
1.4427767354596623,1.4427767354596623,7,128
1.4400749063670413,1.4400749063670413,7,128
1.4504672897196262,1.4504672897196262,7,129
1.4477611940298507,1.4477611940298507,7,129
1.4450651769087524,1.4450651769087524,7,129
1.4423791821561338,1.4423791821561338,7,129
1.4397031539888683,1.4397031539888683,7,129
1.4370370370370371,1.4370370370370371,7,129
1.4510166358595193,1.4510166358595193,8,130
1.448339483394834,1.448339483394834,8,130
1.445672191528545,1.445672191528545,8,130
1.443014705882353,1.443014705882353,8,130
1.4403669724770642,1.4403669724770642,8,130
1.4377289377289377,1.4377289377289377,8,130
1.4497257769652652,1.4497257769652652,8,131
1.447080291970803,1.447080291970803,8,131
1.4444444444444444,1.4444444444444444,8,131
1.4418181818181819,1.4418181818181819,8,131
1.4392014519056262,1.4392014519056262,8,131
1.4365942028985508,1.4365942028985508,8,131
1.4484629294755877,1.4484629294755877,8,132
1.4458483754512634,1.4458483754512634,8,132
1.4432432432432432,1.4432432432432432,8,132
1.4406474820143884,1.4406474820143884,8,132
1.4380610412926391,1.4380610412926391,8,132
1.435483870967742,1.435483870967742,8,132
1.447227191413238,1.447227191413238,8,133
1.4446428571428571,1.4446428571428571,8,133
1.4420677361853833,1.4420677361853833,8,133
1.4395017793594307,1.4395017793594307,8,133
1.4369449378330372,1.4369449378330372,8,133
1.4343971631205674,1.4343971631205674,8,133
1.4460176991150442,1.4460176991150442,8,134
1.4434628975265018,1.4434628975265018,8,134
1.4409171075837743,1.4409171075837743,8,134
1.4383802816901408,1.4383802816901408,8,134
1.4358523725834798,1.4358523725834798,8,134
1.4333333333333333,1.4333333333333333,8,134
1.4448336252189142,1.4448336252189142,8,135
1.4423076923076923,1.4423076923076923,8,135
1.4397905759162304,1.4397905759162304,8,135
1.4372822299651569,1.4372822299651569,8,135
1.434782608695652,1.434782608695652,8,135
1.4322916666666667,1.4322916666666667,8,135
1.4436741767764298,1.4436741767764298,8,136
1.4411764705882353,1.4411764705882353,8,136
1.4386873920552676,1.4386873920552676,8,136
1.436206896551724,1.436206896551724,8,136
1.4337349397590362,1.4337349397590362,8,136
1.4312714776632303,1.4312714776632303,8,136
1.4425385934819897,1.4425385934819897,8,137
1.4400684931506849,1.4400684931506849,8,137
1.4376068376068376,1.4376068376068376,8,137
1.4351535836177474,1.4351535836177474,8,137
1.432708688245315,1.432708688245315,8,137
1.4302721088435375,1.4302721088435375,8,137
1.4414261460101867,1.4414261460101867,8,138
1.4389830508474577,1.4389830508474577,8,138
1.4365482233502538,1.4365482233502538,8,138
1.4341216216216217,1.4341216216216217,8,138
1.4317032040472175,1.4317032040472175,8,138
1.4292929292929293,1.4292929292929293,8,138
1.4403361344537815,1.4403361344537815,8,139
1.4379194630872483,1.4379194630872483,8,139
1.4355108877721943,1.4355108877721943,8,139
1.4331103678929766,1.4331103678929766,8,139
1.4307178631051753,1.4307178631051753,8,139
1.4283333333333332,1.4283333333333332,8,139
1.4392678868552413,1.4392678868552413,8,140
1.43687707641196,1.43687707641196,8,140
1.4344941956882256,1.4344941956882256,8,140
1.4321192052980132,1.4321192052980132,8,140
1.4297520661157024,1.4297520661157024,8,140
1.4273927392739274,1.4273927392739274,8,140
1.4382207578253707,1.4382207578253707,8,141
1.4358552631578947,1.4358552631578947,8,141
1.4334975369458127,1.4334975369458127,8,141
1.4311475409836065,1.4311475409836065,8,141
1.4288052373158757,1.4288052373158757,8,141
1.4264705882352942,1.4264705882352942,8,141
1.4371941272430668,1.4371941272430668,8,142
1.4348534201954397,1.4348534201954397,8,142
1.4325203252032521,1.4325203252032521,8,142
1.4301948051948052,1.4301948051948052,8,142
1.4278768233387358,1.4278768233387358,8,142
1.4255663430420713,1.4255663430420713,8,142
1.4361873990306946,1.4361873990306946,8,143
1.4338709677419355,1.4338709677419355,8,143
1.431561996779388,1.431561996779388,8,143
1.4292604501607717,1.4292604501607717,8,143
1.4269662921348314,1.4269662921348314,8,143
1.4246794871794872,1.4246794871794872,8,143
1.4352,1.4352,8,144
1.4329073482428114,1.4329073482428114,8,144
1.430622009569378,1.430622009569378,8,144
1.428343949044586,1.428343949044586,8,144
1.426073131955485,1.426073131955485,8,144
1.4238095238095239,1.4238095238095239,8,144
1.434231378763867,1.434231378763867,8,145
1.4319620253164558,1.4319620253164558,8,145
1.429699842022117,1.429699842022117,8,145
1.4274447949526814,1.4274447949526814,8,145
1.4251968503937007,1.4251968503937007,8,145
1.4229559748427674,1.4229559748427674,8,145
1.433281004709576,1.433281004709576,8,146
1.4310344827586208,1.4310344827586208,8,146
1.4287949921752738,1.4287949921752738,8,146
1.4265625,1.4265625,8,146
1.424336973478939,1.424336973478939,8,146
1.4221183800623054,1.4221183800623054,8,146
1.432348367029549,1.432348367029549,8,147
1.4301242236024845,1.4301242236024845,8,147
1.427906976744186,1.427906976744186,8,147
1.4256965944272446,1.4256965944272446,8,147
1.4234930448222565,1.4234930448222565,8,147
1.4212962962962963,1.4212962962962963,8,147
1.431432973805855,1.431432973805855,8,148
1.4292307692307693,1.4292307692307693,8,148
1.4270353302611367,1.4270353302611367,8,148
1.4248466257668713,1.4248466257668713,8,148
1.4226646248085757,1.4226646248085757,8,148
1.4204892966360856,1.4204892966360856,8,148
1.4305343511450381,1.4305343511450381,8,149
1.4283536585365855,1.4283536585365855,8,149
1.426179604261796,1.426179604261796,8,149
1.4240121580547112,1.4240121580547112,8,149
1.4218512898330804,1.4218512898330804,8,149
1.4196969696969697,1.4196969696969697,8,149
1.4296520423600605,1.4296520423600605,8,150
1.4274924471299093,1.4274924471299093,8,150
1.4253393665158371,1.4253393665158371,8,150
1.4231927710843373,1.4231927710843373,8,150
1.4210526315789473,1.4210526315789473,8,150
1.4189189189189189,1.4189189189189189,8,150
1.4287856071964018,1.4287856071964018,8,151
1.4266467065868262,1.4266467065868262,8,151
1.4245142002989537,1.4245142002989537,8,151
1.4223880597014926,1.4223880597014926,8,151
1.42026825633383,1.42026825633383,8,151
1.4181547619047619,1.4181547619047619,8,151
1.4279346210995543,1.4279346210995543,8,152
1.4258160237388724,1.4258160237388724,8,152
1.4237037037037037,1.4237037037037037,8,152
1.4215976331360947,1.4215976331360947,8,152
1.4194977843426884,1.4194977843426884,8,152
1.4174041297935103,1.4174041297935103,8,152
1.427098674521355,1.427098674521355,8,153
1.425,1.425,8,153
1.422907488986784,1.422907488986784,8,153
1.4208211143695015,1.4208211143695015,8,153
1.418740849194729,1.418740849194729,8,153
1.4166666666666667,1.4166666666666667,8,153
1.4262773722627737,1.4262773722627737,8,154
1.424198250728863,1.424198250728863,8,154
1.4221251819505094,1.4221251819505094,8,154
1.4200581395348837,1.4200581395348837,8,154
1.4179970972423803,1.4179970972423803,8,154
1.4159420289855071,1.4159420289855071,8,154
1.4254703328509406,1.4254703328509406,8,155
1.4234104046242775,1.4234104046242775,8,155
1.4213564213564214,1.4213564213564214,8,155
1.419308357348703,1.419308357348703,8,155
1.4172661870503598,1.4172661870503598,8,155
1.4152298850574712,1.4152298850574712,8,155
1.42467718794835,1.42467718794835,8,156
1.4226361031518624,1.4226361031518624,8,156
1.4206008583690988,1.4206008583690988,8,156
1.4185714285714286,1.4185714285714286,8,156
1.4165477888730384,1.4165477888730384,8,156
1.4145299145299146,1.4145299145299146,8,156
1.4238975817923187,1.4238975817923187,8,157
1.421875,1.421875,8,157
1.4198581560283687,1.4198581560283687,8,157
1.4178470254957507,1.4178470254957507,8,157
1.4158415841584158,1.4158415841584158,8,157
1.4138418079096045,1.4138418079096045,8,157
1.4231311706629055,1.4231311706629055,8,158
1.4211267605633804,1.4211267605633804,8,158
1.419127988748242,1.419127988748242,8,158
1.4171348314606742,1.4171348314606742,8,158
1.4151472650771388,1.4151472650771388,8,158
1.4131652661064427,1.4131652661064427,8,158
1.4223776223776223,1.4223776223776223,8,159
1.420391061452514,1.420391061452514,8,159
1.4184100418410042,1.4184100418410042,8,159
1.416434540389972,1.416434540389972,8,159
1.4144645340751043,1.4144645340751043,8,159
1.4125,1.4125,8,159
1.4216366158113731,1.4216366158113731,8,160
1.419667590027701,1.419667590027701,8,160
1.417704011065007,1.417704011065007,8,160
1.4157458563535912,1.4157458563535912,8,160
1.4137931034482758,1.4137931034482758,8,160
1.4118457300275482,1.4118457300275482,8,160
1.4209078404401652,1.4209078404401652,8,161
1.418956043956044,1.418956043956044,8,161
1.4170096021947873,1.4170096021947873,8,161
1.415068493150685,1.415068493150685,8,161
1.4131326949384404,1.4131326949384404,8,161
1.4112021857923498,1.4112021857923498,8,161
1.4201909959072305,1.4201909959072305,8,162
1.4182561307901906,1.4182561307901906,8,162
1.416326530612245,1.416326530612245,8,162
1.4144021739130435,1.4144021739130435,8,162
1.412483039348711,1.412483039348711,8,162
1.410569105691057,1.410569105691057,8,162
1.419485791610284,1.419485791610284,8,163
1.4175675675675676,1.4175675675675676,8,163
1.4156545209176787,1.4156545209176787,8,163
1.4137466307277629,1.4137466307277629,8,163
1.4118438761776582,1.4118438761776582,8,163
1.4099462365591398,1.4099462365591398,8,163
1.4187919463087248,1.4187919463087248,8,164
1.4168900804289544,1.4168900804289544,8,164
1.4149933065595717,1.4149933065595717,8,164
1.4131016042780749,1.4131016042780749,8,164
1.411214953271028,1.411214953271028,8,164
1.4093333333333333,1.4093333333333333,8,164
1.4181091877496672,1.4181091877496672,8,165
1.4162234042553192,1.4162234042553192,8,165
1.4143426294820718,1.4143426294820718,8,165
1.4124668435013263,1.4124668435013263,8,165
1.4105960264900663,1.4105960264900663,8,165
1.4087301587301588,1.4087301587301588,8,165
1.4174372523117569,1.4174372523117569,8,166
1.4155672823218997,1.4155672823218997,8,166
1.4137022397891963,1.4137022397891963,8,166
1.4118421052631578,1.4118421052631578,8,166
1.4099868593955323,1.4099868593955323,8,166
1.4081364829396326,1.4081364829396326,8,166
1.416775884665793,1.416775884665793,8,167
1.4149214659685865,1.4149214659685865,8,167
1.4130718954248367,1.4130718954248367,8,167
1.4112271540469974,1.4112271540469974,8,167
1.409387222946545,1.409387222946545,8,167
1.4075520833333333,1.4075520833333333,8,167
1.4161248374512354,1.4161248374512354,8,168
1.4142857142857144,1.4142857142857144,8,168
1.4124513618677044,1.4124513618677044,8,168
1.410621761658031,1.410621761658031,8,168
1.408796895213454,1.408796895213454,8,168
1.4069767441860466,1.4069767441860466,8,168
1.415483870967742,1.415483870967742,8,169
1.413659793814433,1.413659793814433,8,169
1.4118404118404118,1.4118404118404118,8,169
1.4100257069408741,1.4100257069408741,8,169
1.4082156611039796,1.4082156611039796,8,169
1.4064102564102565,1.4064102564102565,8,169
1.4148527528809218,1.4148527528809218,8,170
1.4130434782608696,1.4130434782608696,8,170
1.4112388250319285,1.4112388250319285,8,170
1.409438775510204,1.409438775510204,8,170
1.4076433121019107,1.4076433121019107,8,170
1.405852417302799,1.405852417302799,8,170
1.4142312579415501,1.4142312579415501,8,171
1.4124365482233503,1.4124365482233503,8,171
1.4106463878326996,1.4106463878326996,8,171
1.4088607594936708,1.4088607594936708,8,171
1.407079646017699,1.407079646017699,8,171
1.4053030303030303,1.4053030303030303,8,171
1.4136191677175283,1.4136191677175283,8,172
1.4118387909319898,1.4118387909319898,8,172
1.410062893081761,1.410062893081761,8,172
1.4082914572864322,1.4082914572864322,8,172
1.4065244667503136,1.4065244667503136,8,172
1.4047619047619047,1.4047619047619047,8,172
1.4130162703379223,1.4130162703379223,8,173
1.41125,1.41125,8,173
1.4094881398252184,1.4094881398252184,8,173
1.4077306733167083,1.4077306733167083,8,173
1.405977584059776,1.405977584059776,8,173
1.404228855721393,1.404228855721393,8,173
1.4124223602484471,1.4124223602484471,8,174
1.4106699751861043,1.4106699751861043,8,174
1.4089219330855018,1.4089219330855018,8,174
1.4071782178217822,1.4071782178217822,8,174
1.4054388133498146,1.4054388133498146,8,174
1.4037037037037037,1.4037037037037037,8,174
1.4118372379778052,1.4118372379778052,8,175
1.4100985221674878,1.4100985221674878,8,175
1.4083640836408364,1.4083640836408364,8,175
1.4066339066339066,1.4066339066339066,8,175
1.4049079754601228,1.4049079754601228,8,175
1.4031862745098038,1.4031862745098038,8,175
1.4112607099143206,1.4112607099143206,8,176
1.4095354523227384,1.4095354523227384,8,176
1.407814407814408,1.407814407814408,8,176
1.4060975609756097,1.4060975609756097,8,176
1.4043848964677224,1.4043848964677224,8,176
1.4026763990267639,1.4026763990267639,8,176
1.410692588092345,1.410692588092345,8,177
1.4089805825242718,1.4089805825242718,8,177
1.4072727272727272,1.4072727272727272,8,177
1.4055690072639224,1.4055690072639224,8,177
1.403869407496977,1.403869407496977,8,177
1.4021739130434783,1.4021739130434783,8,177
1.4101326899879372,1.4101326899879372,8,178
1.408433734939759,1.408433734939759,8,178
1.4067388688327316,1.4067388688327316,8,178
1.4050480769230769,1.4050480769230769,8,178
1.403361344537815,1.403361344537815,8,178
1.4016786570743405,1.4016786570743405,8,178
1.4095808383233532,1.4095808383233532,8,179
1.4078947368421053,1.4078947368421053,8,179
1.4062126642771804,1.4062126642771804,8,179
1.4045346062052506,1.4045346062052506,8,179
1.402860548271752,1.402860548271752,8,179
1.401190476190476,1.401190476190476,8,179
1.4090368608799049,1.4090368608799049,8,180
1.4073634204275534,1.4073634204275534,8,180
1.405693950177936,1.405693950177936,8,180
1.4040284360189574,1.4040284360189574,8,180
1.4023668639053255,1.4023668639053255,8,180
1.400709219858156,1.400709219858156,8,180
1.4085005903187722,1.4085005903187722,8,181
1.4068396226415094,1.4068396226415094,8,181
1.4051825677267373,1.4051825677267373,8,181
1.403529411764706,1.403529411764706,8,181
1.401880141010576,1.401880141010576,8,181
1.4002347417840375,1.4002347417840375,8,181
1.4079718640093786,1.4079718640093786,8,182
1.4063231850117095,1.4063231850117095,8,182
1.4046783625730994,1.4046783625730994,8,182
1.40303738317757,1.40303738317757,8,182
1.4014002333722286,1.4014002333722286,8,182
1.3997668997668997,1.3997668997668997,8,182
1.4074505238649593,1.4074505238649593,8,183
1.405813953488372,1.405813953488372,8,183
1.4041811846689896,1.4041811846689896,8,183
1.402552204176334,1.402552204176334,8,183
1.4009269988412514,1.4009269988412514,8,183
1.3993055555555556,1.3993055555555556,8,183
1.4069364161849711,1.4069364161849711,8,184
1.405311778290993,1.405311778290993,8,184
1.403690888119954,1.403690888119954,8,184
1.402073732718894,1.402073732718894,8,184
1.4004602991944763,1.4004602991944763,8,184
1.3988505747126436,1.3988505747126436,8,184
1.4064293915040185,1.4064293915040185,8,185
1.4048165137614679,1.4048165137614679,8,185
1.4032073310423825,1.4032073310423825,8,185
1.4016018306636155,1.4016018306636155,8,185
1.4,1.4,8,185
1.3984018264840183,1.3984018264840183,8,185
1.4059293044469783,1.4059293044469783,8,186
1.4043280182232347,1.4043280182232347,8,186
1.4027303754266212,1.4027303754266212,8,186
1.4011363636363636,1.4011363636363636,8,186
1.3995459704880817,1.3995459704880817,8,186
1.3979591836734695,1.3979591836734695,8,186
1.405436013590034,1.405436013590034,8,187
1.4038461538461537,1.4038461538461537,8,187
1.4022598870056497,1.4022598870056497,8,187
1.4006772009029345,1.4006772009029345,8,187
1.399098083427283,1.399098083427283,8,187
1.3975225225225225,1.3975225225225225,8,187
1.4049493813273342,1.4049493813273342,8,188
1.4033707865168539,1.4033707865168539,8,188
1.4017957351290684,1.4017957351290684,8,188
1.4002242152466369,1.4002242152466369,8,188
1.398656215005599,1.398656215005599,8,188
1.3970917225950783,1.3970917225950783,8,188
1.4044692737430167,1.4044692737430167,8,189
1.4029017857142858,1.4029017857142858,8,189
1.4013377926421404,1.4013377926421404,8,189
1.3997772828507795,1.3997772828507795,8,189
1.3982202447163514,1.3982202447163514,8,189
1.3966666666666667,1.3966666666666667,8,189
1.4039955604883463,1.4039955604883463,8,190
1.4024390243902438,1.4024390243902438,8,190
1.4008859357696568,1.4008859357696568,8,190
1.3993362831858407,1.3993362831858407,8,190
1.3977900552486189,1.3977900552486189,8,190
1.3962472406181015,1.3962472406181015,8,190
1.4035281146637266,1.4035281146637266,8,191
1.4019823788546255,1.4019823788546255,8,191
1.4004400440044005,1.4004400440044005,8,191
1.3989010989010988,1.3989010989010988,8,191
1.3973655323819978,1.3973655323819978,8,191
1.3958333333333333,1.3958333333333333,8,191
1.403066812705367,1.403066812705367,8,192
1.4015317286652078,1.4015317286652078,8,192
1.4,1.4,8,192
1.398471615720524,1.398471615720524,8,192
1.3969465648854962,1.3969465648854962,8,192
1.3954248366013071,1.3954248366013071,8,192
1.4026115342763874,1.4026115342763874,8,193
1.4010869565217392,1.4010869565217392,8,193
1.3995656894679696,1.3995656894679696,8,193
1.3980477223427332,1.3980477223427332,8,193
1.3965330444203683,1.3965330444203683,8,193
1.395021645021645,1.395021645021645,8,193
1.402162162162162,1.402162162162162,8,194
1.400647948164147,1.400647948164147,8,194
1.3991370010787487,1.3991370010787487,8,194
1.3976293103448276,1.3976293103448276,8,194
1.3961248654467169,1.3961248654467169,8,194
1.3946236559139784,1.3946236559139784,8,194
1.40171858216971,1.40171858216971,8,195
1.400214592274678,1.400214592274678,8,195
1.3987138263665595,1.3987138263665595,8,195
1.3972162740899357,1.3972162740899357,8,195
1.3957219251336899,1.3957219251336899,8,195
1.3942307692307692,1.3942307692307692,8,195
1.4012806830309499,1.4012806830309499,8,196
1.3997867803837953,1.3997867803837953,8,196
1.3982960596379126,1.3982960596379126,8,196
1.396808510638298,1.396808510638298,8,196
1.3953241232731137,1.3953241232731137,8,196
1.3938428874734607,1.3938428874734607,8,196
1.40084835630965,1.40084835630965,8,197
1.3993644067796611,1.3993644067796611,8,197
1.397883597883598,1.397883597883598,8,197
1.3964059196617336,1.3964059196617336,8,197
1.3949313621964097,1.3949313621964097,8,197
1.3934599156118144,1.3934599156118144,8,197
1.4004214963119073,1.4004214963119073,8,198
1.3989473684210527,1.3989473684210527,8,198
1.3974763406940063,1.3974763406940063,8,198
1.3960084033613445,1.3960084033613445,8,198
1.3945435466946485,1.3945435466946485,8,198
1.3930817610062893,1.3930817610062893,8,198
1.4,1.4,8,199
1.3985355648535565,1.3985355648535565,8,199
1.3970741901776385,1.3970741901776385,8,199
1.395615866388309,1.395615866388309,8,199
1.3941605839416058,1.3941605839416058,8,199
1.3927083333333334,1.3927083333333334,8,199
1.3995837669094693,1.3995837669094693,8,200
1.3981288981288982,1.3981288981288982,8,200
1.3966770508826583,1.3966770508826583,8,200
1.3952282157676348,1.3952282157676348,8,200
1.3937823834196892,1.3937823834196892,8,200
1.3923395445134576,1.3923395445134576,8,200
1.3991726990692865,1.3991726990692865,8,201
1.3977272727272727,1.3977272727272727,8,201
1.3962848297213621,1.3962848297213621,8,201
1.3948453608247422,1.3948453608247422,8,201
1.3934088568486096,1.3934088568486096,8,201
1.3919753086419753,1.3919753086419753,8,201
1.3987667009249742,1.3987667009249742,8,202
1.3973305954825461,1.3973305954825461,8,202
1.3958974358974359,1.3958974358974359,8,202
1.3944672131147542,1.3944672131147542,8,202
1.3930399181166837,1.3930399181166837,8,202
1.3916155419222904,1.3916155419222904,8,202
1.3983656792645556,1.3983656792645556,8,203
1.396938775510204,1.396938775510204,8,203
1.3955147808358817,1.3955147808358817,8,203
1.394093686354379,1.394093686354379,8,203
1.392675483214649,1.392675483214649,8,203
1.391260162601626,1.391260162601626,8,203
1.3979695431472081,1.3979695431472081,8,204
1.396551724137931,1.396551724137931,8,204
1.3951367781155015,1.3951367781155015,8,204
1.3937246963562753,1.3937246963562753,8,204
1.3923154701718907,1.3923154701718907,8,204
1.3909090909090909,1.3909090909090909,8,204
1.3975782038345106,1.3975782038345106,8,205
1.3961693548387097,1.3961693548387097,8,205
1.3947633434038267,1.3947633434038267,8,205
1.3933601609657948,1.3933601609657948,8,205
1.3919597989949748,1.3919597989949748,8,205
1.390562248995984,1.390562248995984,8,205
1.3971915747241725,1.3971915747241725,8,206
1.3957915831663326,1.3957915831663326,8,206
1.3943943943943944,1.3943943943943944,8,206
